# signal_type	pattern	skill	owning_plugin	confidence	stack_marker
# stack_marker: `[!]<manifest>~<ERE>` alternatives joined by `||`; `@base` as the manifest
# matches the ERE against the edited file's BASENAME (route.sh marker_ok), which is how a
# bare-extension row excludes tool configs, rc files, .d.ts and minified bundles. `@path`
# matches it against the file's PATH instead, which is how a row excludes a built-output
# DIRECTORY (dist/, build/, .next/) that a basename cannot distinguish from its source.
# A `?` PREFIX on an alternative — `?package.json~"next"`, `?!composer.json~x` — REQUIRES
# its manifest: absent or unreadable is decisive-suppress instead of merely indecisive,
# so a chain of `?` alternatives means "fire only on a manifest that exists and says
# yes". Without it an ABSENT manifest lets the row fire anyway (route.sh marker_ok) —
# which is how the Tailwind row nudged a Go module with a components/ directory, and how
# every shadcn row nudged a `.tsx` in a repo with no components.json. Per-row and opt-in;
# an unprefixed alternative keeps the fire-if-uncertain default. It replaced the
# `||!@base~.` default-deny tail 0.18.0 put on four rows — same behaviour, one mechanism.
# co-fire-ok: *.tsx a11y-audit react-native-best-practices
# co-fire-ok: *.tsx a11y-audit nextjs-best-practices
# Accessibility is orthogonal to every stack skill: the WCAG checklist and a library's
# idioms answer different questions about the same file, and one suppressing the other
# is the failure, not the co-fire. The Blade pair is the case that proves it — the lane
# declared a11y-audit's trigger as including .blade.php while the only Blade row routed
# to laravel, so a Blade edit got the framework rubric and never the checklist.
# co-fire-ok: *.tsx a11y-audit shadcn-best-practices
# co-fire-ok: *.jsx a11y-audit shadcn-best-practices
# co-fire-ok: *.vue a11y-audit shadcn-best-practices
# co-fire-ok: *.blade.php a11y-audit laravel-best-practices
# co-fire-ok: *.tsx nextjs-best-practices react-native-best-practices
# co-fire-ok: *.ts low-cognitive-load solid-principles
# co-fire-ok: *.js low-cognitive-load solid-principles
# co-fire-ok: *.py low-cognitive-load solid-principles
# Content-row co-fires, verified against scripts/smoke/router-corpus (pc_rules_cofire).
# These seven rows are all `low` confidence: they do NOT emit an inline nudge, they
# accumulate into one session digest (route.sh header). Several firing on one file is the
# designed behaviour, not a collision — an ordinary React component with await, catch,
# fetch( and a token legitimately touches all four concerns. Blessed so that a NEW
# content row must be considered against the corpus rather than added blind.
# co-fire-ok: content concurrency-safety error-handling-design
# co-fire-ok: content concurrency-safety security-review
# co-fire-ok: content concurrency-safety observability-design
# co-fire-ok: content error-handling-design security-review
# co-fire-ok: content error-handling-design observability-design
# co-fire-ok: content security-review observability-design
# 2026-08-12 addition. Both rows are `high` since 2026-09-26 (inline, not the digest);
# pc_rules_cofire pairs content rows whatever their confidence, and a GSAP timeline
# driving a three.js scene legitimately wants the animation skill and the scene skill.
# co-fire-ok: content threejs-best-practices motion-best-practices
# 2026-09-26, precautionary like the pair above: `ScrollTrigger` sits in BOTH rows on
# purpose — motion-best-practices owns the GSAP API, scroll-orchestration owns the
# pin/scrub/smooth-scroll contract (routing review fixture M2 names both owners).
# co-fire-ok: content motion-best-practices scroll-orchestration
# Engine-specific DB rows co-fire with the generic ones by design: sql-best-practices
# owns portable SQL, the engine skill owns what only that engine does (MVCC/vacuum,
# lock-aware migrations, engine-specific index types). Both are wanted on one file;
# that is not a collision. Engine rows discriminate against EACH OTHER by distinct
# stack_markers, so only the generic pairs need blessing.
# co-fire-ok: *.sql sql-best-practices mariadb-best-practices
# co-fire-ok: **/migrations/** sql-best-practices mariadb-best-practices
# co-fire-ok: *.go low-cognitive-load solid-principles
# co-fire-ok: *.rb low-cognitive-load solid-principles
# co-fire-ok: *.rs low-cognitive-load solid-principles
#
# LIMITATION (honest scope): NOT routed by any rule — code-smells, reuse-hygiene,
# yagni-check, plan-before-code, and the rest of code-architecture beyond the two
# routed below. comment-discipline is ABSENT here on purpose: its own
# PreToolUse/PostToolUse hook is the delivery channel, and a routing row would be
# redundant — do not "fix" that. Plain source
# edits (*.ts / *.js / *.py / *.go / *.rb / *.rs) route to low-cognitive-load +
# solid-principles, once per skill per session; **/migrations/** routes to
# sql-best-practices plus the detected engine skill (blessed pairs above).
#
# ENGINE DETECTION IS BEST-EFFORT. The chain is compose file → `.env.example`
# `DB_CONNECTION` → composer.json → package.json, and marker_ok takes the FIRST
# DECISIVE alternative: a manifest that exists and does not name the engine SUPPRESSES,
# it does not fall through. A container image is the one signal that separates the
# engines cleanly (`mariadb:11` does not contain `mysql`), which is why compose is
# first.
#
# The last two links exist to make a signal-less repo decisive rather than noisy.
# Engine advice conflicts across engines — MariaDB divergence guidance on a true-MySQL
# schema is wrong, not merely redundant — so the router's usual fire-if-uncertain bias
# is the wrong trade here: a repo with a composer.json and no DB hint gets the
# engine-agnostic skill alone. Verified live: Laravel-only composer.json →
# `sql-best-practices` alone. mariadb is the ONLY dialect skill left; other engines
# ride sql-best-practices.
#
# Two known misses, in order of likelihood:
#   1. A repo with no compose file whose `DB_CONNECTION=mysql` actually runs MariaDB —
#      Laravel used the mysql driver for MariaDB for years. It misses the mariadb skill.
#   2. A database running outside the compose file: the compose file is decisive-no and
#      suppresses before `DB_CONNECTION` is ever read.
# Of craft-layer's 14 skills exactly FOUR are routed (recount:
# `awk -F'\t' '$4=="craft-layer"{print $3}' rules.tsv | sort -u`): information-design
# (**/dashboard/** + **/admin/**, plus chart/grid and interaction-library imports),
# threejs-best-practices (three / R3F / WebGPU imports), scroll-orchestration (Lenis,
# ScrollTrigger) and motion-tiers (Rive, Lottie, Spline) — the last three by content row
# near the end of this file. Until 2026-09-26 it was two, and R3F and Lenis routed to
# motion-best-practices, which mentions neither. The other ten (creative-direction,
# page-transitions, …) deliberately reach sessions via /craft-layer:craft and the
# catalog channel, not per-file rules — their triggers are prompt-shaped, not
# file-shaped. Re-measured 2026-09-15, no file in scripts/smoke/router-corpus matches
# the motion row, so the threejs/motion blessing above is precautionary, not observed.
glob	*.sql	sql-best-practices	database	high
glob	**/migrations/**	sql-best-practices	database	high
glob	*.sql	mariadb-best-practices	database	high	docker-compose.yml~image:[[:space:]]*"?[a-z0-9./-]*mariadb||compose.yml~image:[[:space:]]*"?[a-z0-9./-]*mariadb||.env.example~DB_CONNECTION=mariadb||composer.json~mariadb||package.json~mariadb
glob	**/migrations/**	mariadb-best-practices	database	high	docker-compose.yml~image:[[:space:]]*"?[a-z0-9./-]*mariadb||compose.yml~image:[[:space:]]*"?[a-z0-9./-]*mariadb||.env.example~DB_CONNECTION=mariadb||composer.json~mariadb||package.json~mariadb
glob	*.ts	low-cognitive-load	code-architecture	high	!@base~(^[a-z0-9_.-]*\.(config|conf|setup)\.[cm]?[jt]s$|^[a-z0-9_.-]*rc\.[cm]?js$|\.d\.ts$|\.min\.[cm]?js$|^\.)
glob	*.ts	solid-principles	code-architecture	high	!@base~(^[a-z0-9_.-]*\.(config|conf|setup)\.[cm]?[jt]s$|^[a-z0-9_.-]*rc\.[cm]?js$|\.d\.ts$|\.min\.[cm]?js$|^\.)
glob	*.js	low-cognitive-load	code-architecture	high	!@base~(^[a-z0-9_.-]*\.(config|conf|setup)\.[cm]?[jt]s$|^[a-z0-9_.-]*rc\.[cm]?js$|\.d\.ts$|\.min\.[cm]?js$|^\.)
glob	*.js	solid-principles	code-architecture	high	!@base~(^[a-z0-9_.-]*\.(config|conf|setup)\.[cm]?[jt]s$|^[a-z0-9_.-]*rc\.[cm]?js$|\.d\.ts$|\.min\.[cm]?js$|^\.)
glob	*.py	low-cognitive-load	code-architecture	high
glob	*.py	solid-principles	code-architecture	high
glob	*.go	low-cognitive-load	code-architecture	high
glob	*.go	solid-principles	code-architecture	high
glob	*.rb	low-cognitive-load	code-architecture	high
glob	*.rb	solid-principles	code-architecture	high
glob	*.rs	low-cognitive-load	code-architecture	high
glob	*.rs	solid-principles	code-architecture	high
# The only stack row that carried no marker at all: a Go module with `components/`,
# and a Blade app with no Tailwind in it, both drew the Tailwind skill. The `?` prefix
# is what makes "no package.json" mean no, instead of maybe.
glob	**/components/**	tailwind-best-practices	ui-ux	high	?package.json~"tailwindcss"
# shadcn's registry file is the ONLY evidence a project uses shadcn, so an absent
# `components.json` is a no, not a maybe: without the `?` these three rows nudged the
# shadcn skill on every `.tsx`/`.jsx`/`.vue` edit in a Nuxt, Next or plain-React repo
# that had never installed it. LIMITATION: `components.json` is also ReUI's registry
# file, and a project that keeps one under a workspace subdirectory reads as absent.
glob	*.tsx	shadcn-best-practices	ui-ux	high	?components.json~"(ui|components)"
glob	*.jsx	shadcn-best-practices	ui-ux	high	?components.json~"(ui|components)"
glob	*.vue	shadcn-best-practices	ui-ux	high	?components.json~"(ui|components)"
# Editing the registry file itself (aliases, style, a `registries` map) routed nothing.
glob	components.json	shadcn-best-practices	ui-ux	high
# `command` rows match a Bash call's COMMAND STRING (route.sh header, COMMAND ROWS): a
# registry install writes its files itself and names no target any file row can see.
# `-ui` is the retired CLI name a model still recites; `-vue` is shadcn-vue, which the
# `*.vue` row above already sends here. LIMITATION: `shadcn init` also writes files
# unseen and has no row; `components.json` routes on its first later edit.
command	\bshadcn(-ui|-vue)?(@[^[:space:]]+)?[[:space:]]+add\b	shadcn-best-practices	ui-ux	high
content	(@reui/|\breui\.io|\bfrom ['"]@/components/ui/(data-grid|tree))	reui-best-practices	ui-libraries	low
# Narrowed 2026-09-26: `motion/react|framer-motion` drew Aceternity on EVERY Motion file.
content	(\baceternity\b|ui\.aceternity\.com|@aceternity/)	aceternity-best-practices	ui-libraries	low
# The library-agnostic fallback. shadcn, ReUI, Aceternity, MUI and Astryx each have a
# sibling skill and a row of their own; a project on Mantine, Chakra, Ant Design,
# PrimeVue, Vuetify, Base UI, Ark, Reka or Nuxt UI matched nothing at all, so the one
# skill written for exactly that case never loaded. The alternatives are the package
# signals in the Signal column of
# plugins/ui-libraries/skills/component-libraries/references/library-map.md — keep the two in
# step; nothing reads that file back, so this is `recorded`, not a gate. `primereact`
# left this row 2026-09-26 for its own sibling skill (primereact-best-practices, rows
# beside MUI's below), so the two never co-fire on one import;
# `@base-ui-components/` is Base UI's pre-1.0 package name. `high` since 2026-09-26: an
# import line is weaker evidence than a file extension, but as `low` it reached the
# model only on the next prompt, after the screen was built (route.sh high pass).
# LIMITATION: it keys on a QUOTED module specifier, so a library reached only through
# an auto-import plugin or a framework config is missed — the `*.vue` manifest row
# below covers the Vue kits that auto-import; a React one has no such row — and a
# lockfile or a docs page quoting the name matches.
content	['"](@(base-ui|base-ui-components|ark-ui|headlessui|ariakit|mantine|chakra-ui|heroui|fluentui|primer|blueprintjs|untitledui|radix-ui)/|@nuxt/ui|(radix-ui|antd|react-aria-components|primevue|vuetify|element-plus|naive-ui|quasar|reka-ui|radix-vue)['"/])	component-libraries	ui-libraries	high
# AUTO-IMPORTED Vue kits: PrimeVue's Nuxt module, Vuetify's plugin and unplugin-vue-components
# resolvers put `<DataTable>` / `<v-data-table>` in an SFC with no import line, so the
# row above saw nothing. Keyed on the manifest instead, like the shadcn rows.
# `reka-ui`/`radix-vue` are left out on purpose: shadcn-vue repos carry them, and the
# shadcn row owns those. LIMITATION: a monorepo whose package.json sits in a workspace
# reads as absent and suppresses (the `?` prefix), as every `?package.json` row does.
# co-fire-ok: *.vue a11y-audit component-libraries
glob	*.vue	component-libraries	ui-libraries	high	?package.json~"(primevue|vuetify|element-plus|naive-ui|quasar|@nuxt/ui)"
glob	**/dashboard/**	information-design	craft-layer	high
glob	**/admin/**	information-design	craft-layer	high
glob	*.tsx	a11y-audit	ui-ux	high
glob	*.jsx	a11y-audit	ui-ux	high
glob	*.vue	a11y-audit	ui-ux	high
glob	*.blade.php	a11y-audit	ui-ux	high
glob	*.svelte	a11y-audit	ui-ux	high
glob	*.astro	a11y-audit	ui-ux	high
# Server-rendered and static markup. a11y-audit routed only the six component
# extensions above, so a Rails/Django/Twig/plain-HTML project got the WCAG checklist
# on no file it actually edits. The `@path` exclusion keeps these off BUILT output —
# `dist/index.html` carries the same basename as its source and nothing worth
# auditing. LIMITATION: it lists the build directories people use; a bundler
# configured to emit somewhere else still routes, and a hand-minified page without
# `.min.` in its name does too.
glob	*.html	a11y-audit	ui-ux	high	!@path~(^|/)(dist|build|out|\.next|_site|coverage|vendor|node_modules)/|\.min\.
glob	*.erb	a11y-audit	ui-ux	high	!@path~(^|/)(dist|build|out|\.next|_site|coverage|vendor|node_modules)/|\.min\.
glob	*.twig	a11y-audit	ui-ux	high	!@path~(^|/)(dist|build|out|\.next|_site|coverage|vendor|node_modules)/|\.min\.
# `?` on both: a `.tsx` in a repo with NO package.json is a component in a stack this
# router cannot name, and firing every framework skill at once was the whole defect.
glob	*.tsx	react-native-best-practices	web-dev	high	?package.json~"react-native"
glob	*.tsx	nextjs-best-practices	web-dev	high	?package.json~"next"
# Next.js SERVER files. The *.tsx row above routes components only, so a route
# handler, a server action, `middleware.ts` or `proxy.ts` — the files the skill's own
# server-actions-are-public-endpoints rule is about — reached low-cognitive-load and
# solid-principles and nothing else. `**/app/**` is broad on purpose and the marker is
# what makes it safe: a Laravel `app/` or a Rails `app/` has no `"next"` in a
# package.json, so it suppresses, and the `?` prefix means a repo with no
# package.json at all — a Go module with an `app/` directory — suppresses too.
# LIMITATION: a Next repo whose package.json sits in a
# workspace subdirectory is invisible to marker_ok, which reads `$cwd/package.json`
# only, and a pages-router repo has no `app/` at all.
glob	**/app/**	nextjs-best-practices	web-dev	high	?package.json~"next"
glob	middleware.*	nextjs-best-practices	web-dev	high	?package.json~"next"
glob	proxy.*	nextjs-best-practices	web-dev	high	?package.json~"next"
glob	**/resources/js/Pages/**	inertia-best-practices	laravel	high
glob	*.blade.php	laravel-best-practices	laravel	high
glob	*.php	laravel-best-practices	laravel	high	composer.json~laravel/framework
glob	api.php	api-design	api-design	high
glob	openapi*.yml	api-design	api-design	high
glob	openapi*.yaml	api-design	api-design	high
# API ROUTE FILES, not just the spec. api.php and openapi*.y*ml route the two shapes
# Laravel and spec-first projects use; every JS-side HTTP surface — a Next route
# handler, a Nuxt/Nitro `server/api` handler, a SvelteKit `+server.ts` — matched
# nothing, so the REST rubric never loaded on the file that defines the endpoint.
# LIMITATION: `+server.js` and framework-free routers (Hono, Express) have no
# file-shaped signal to key on and stay unrouted; `**/server/api/**` also matches a
# non-Nitro directory that happens to be named that.
glob	**/app/api/**	api-design	api-design	high
glob	**/server/api/**	api-design	api-design	high
glob	+server.ts	api-design	api-design	high
glob	*.test.*	testing-best-practices	testing	high
glob	*.spec.*	testing-best-practices	testing	high
glob	**/tests/**	testing-best-practices	testing	high
glob	Dockerfile*	docker-best-practices	devops	high
glob	docker-compose*.yml	docker-best-practices	devops	high
glob	compose*.yml	docker-best-practices	devops	high
glob	package.json	package-hygiene	stack-scan	high
glob	composer.json	package-hygiene	stack-scan	high
glob	next.config.*	nextjs-best-practices	web-dev	high
glob	vite.config.*	vite-best-practices	web-dev	high
# The @base exclusion on the *.js/*.ts rows suppresses design-principle nudges on
# `*.config.*`, so a tool config routes ONLY via its own row — next and vite had one,
# tailwind did not, and tailwind-best-practices' own description names "config tokens".
# prime.sh already sniffs `tailwind.config.*` for the SessionStart index, so the two
# signals now agree. Tailwind v4 is CSS-first and a v4 project may ship no config file
# at all, so the row after it routes the v4 directives themselves, in any `.css` file
# (before 2026-09-26 a Vite `src/index.css` or a `src/styles/theme.css` routed nothing).
# Content, not `*.css` + a `package.json` marker: it fires on the directive, not on every
# stylesheet of a Tailwind repo, and a workspace manifest cannot suppress it.
# LIMITATION: v3 `@tailwind base;` files are not matched; they route via the config row.
glob	tailwind.config.*	tailwind-best-practices	ui-ux	high
content	(@import[[:space:]]+['"]tailwindcss|@theme\b|@custom-variant\b|@source[[:space:]])	tailwind-best-practices	ui-ux	high	@base~\.css$
# STYLESHEETS. Four theming skills — shadcn-theming, design-tokens, theming-system,
# component-libraries — were reachable from no file rule at all, while the tailwind
# CONFIG had a row: the router could see a project declare its theme and not see
# anyone edit it. shadcn-theming owns the colour channel (CSS variables, Tailwind
# semantic tokens, Bootstrap Sass), design-tokens owns the scales. theming-system and
# component-libraries stay prompt-shaped and content-shaped respectively — no file
# extension identifies them. LIMITATION: these are the CONVENTIONAL entry-point
# filenames, not a proof that the project theme lives there; a project whose tokens
# sit in `src/styles/theme.css` routes no colour skill (only the Tailwind v4 row above,
# when the file carries a v4 directive), and every `*.scss` in a Bootstrap or
# legacy Sass app draws the colour skill whether or not it touches colour.
glob	globals.css	shadcn-theming	ui-ux	high
glob	app.css	shadcn-theming	ui-ux	high
glob	*.scss	shadcn-theming	ui-ux	high
glob	*.tokens.json	design-tokens	ui-ux	high
glob	tokens.json	design-tokens	ui-ux	high	@path~(^|/)design-system/
glob	app.config.*	react-native-best-practices	web-dev	high	package.json~"expo"
glob	eas.json	react-native-best-practices	web-dev	high	package.json~"expo"
glob	*.graphql	graphql-grpc	api-design	high
glob	*.proto	graphql-grpc	api-design	high
glob	**/workflows/**	devops-practices	devops	high
content	(\b(async|await|mutex|goroutine|queue)\b|\bPromise\.all\b|\.[lL]ock\()	concurrency-safety	resilience	low
content	\b(catch|throw|rescue)\b	error-handling-design	resilience	low
content	\b(password|token|secret|jwt|api[_-]?key|authenticate)\b	security-review	security	low
content	\b(Stripe-Signature|constructEvent|stripe\.webhooks|paddle|braintree)\b	security-review	security	low
content	\b(fetch\(|axios|http\.(get|post)|HttpClient)\b	resilience-design	resilience	low
# Span API calls, not the word: `\bspan\b` matched JSX `<span>`, so nearly every component
# put observability-design in the digest (routing review 2026-09-26, fixture S2).
content	\b(logger|logging|Log::(info|error|warning|debug)|console\.(log|error)|OpenTelemetry|correlation[_-]?id|trace_id|startSpan|startActiveSpan|span\.(end|setAttribute|setStatus|recordException))\b	observability-design	resilience	low
# LIBRARY ROWS — `high` since 2026-09-26: a content row marked `high` fires INLINE at the
# first file whose contents match, once per signal per context, and never enters the
# digest (route.sh high pass). As `low` rows every one of them reached the model on the
# next user prompt, after the build turn, and inside a subagent never.
content	@mui/(material|icons-material|x-[a-z-]+|lab)\b	mui-best-practices	ui-libraries	high
content	@astryxdesign/(core|cli|theme-[a-z0-9-]+)\b	astryx-best-practices	ui-libraries	high
# PrimeReact: `primereact` (v10 whole library, v11 unstyled primitives) and `@primereact/*`
# (v11's ui/core/headless/hooks) are unambiguous. `@primeuix/*` is NOT: PrimeVue imports the
# same `@primeuix/themes` presets, so that row requires a package.json naming PrimeReact.
# LIMITATION: a monorepo whose package.json sits in a workspace reads as absent and the
# `@primeuix/` row stays silent there, while the first row still fires on any file that
# imports `primereact` or `@primereact/*` directly.
content	['"](primereact['"/]|@primereact/)	primereact-best-practices	ui-libraries	high
content	['"]@primeuix/	primereact-best-practices	ui-libraries	high	?package.json~"(primereact|@primereact/[a-z-]+)"
# `lenis` and `react-three` left this row 2026-09-26: the skill mentions neither, and
# they now route to scroll-orchestration and threejs-best-practices below.
content	\b(framer-motion|motion/react|animejs|gsap|ScrollTrigger|keyframes|animation-timeline|starting-style|startViewTransition)\b	motion-best-practices	ui-ux	high
content	(\bWebGPURenderer\b|three/webgpu|\bnew THREE\.|@react-three/|from ['"]three['"/])	threejs-best-practices	craft-layer	high
content	(['"]lenis(/react)?['"]|@studio-freight/(lenis|react-lenis)|\bScrollTrigger\b|\bScrollSmoother\b)	scroll-orchestration	craft-layer	high
# Spline routes here because motion-tiers owns it: references/hosted-runtimes.md holds its
# tier-3 arrival (poster first, deferred import), reduced-motion stop, pinning and plan terms.
content	(@rive-app/|@lottiefiles/|\bdotlottie|['"](lottie-web|lottie-react|react-lottie)['"/]|@splinetool/)	motion-tiers	craft-layer	high
# Chart and grid packages outside a `dashboard/`/`admin/` path. information-design owns
# the chart-vs-table-vs-stat-tile and density decision only; chart FORM and colour it
# defers to a `dataviz` skill this marketplace does not ship, so no row can route that.
content	['"](recharts|echarts|echarts-for-react|chart\.js|react-chartjs-2|@tremor/react|@nivo/[a-z-]+|@visx/[a-z-]+|apexcharts|react-apexcharts|highcharts|ag-grid-(react|community|enterprise|vue3)|@tanstack/(react|vue|svelte|solid)-table)['"/]	information-design	craft-layer	high
# Interaction surfaces by IMPORT (interactions review 2026-09-26, §6): boards, schedulers,
# maps, node graphs, editors and virtualised lists live in `Pages/Deals/Board.tsx` as
# often as under `dashboard/`, and the path rows miss them.
content	['"](@(dnd-kit|fullcalendar|schedule-x|xyflow|tiptap|lexical)/|(react-big-calendar|maplibre-gl|leaflet|mapbox-gl|lexical|@tanstack/react-virtual)['"/])	information-design	craft-layer	high
# design-kit rows (2026-09-22). Every one is a `**/dir/**` form — the only path-aware
# glob route.sh implements — keyed on the directories design-kit itself creates, so a
# row fires only where the plugin has already been used. The point is not the nudge:
# without a row the router ledger reads zero for design-kit BY CONSTRUCTION, and
# `turn-cost.sh --skills`, the retirement queue its README cites, cannot see it
# (rationale/design-kit-experience-ideas-2026-09-22.md §0.4). LIMITATION: a deck or
# board is usually written by the plugin's own scripts, not by an Edit/Write the
# hook sees; the rows that fire on real edits are `**/__design-kit__/**` (a scratch
# page the model fills) and `**/design-system/**` (a record the user re-reads).
glob	**/design-system/**	system	design-kit	high
glob	**/.design-kit/decks/**	slides	design-kit	high
glob	**/.design-kit/boards/**	design	design-kit	high
glob	**/__design-kit__/**	in-codebase	design-kit	high
glob	**/.design-kit/artifacts/**	artifact	design-kit	high
